{
    "name":	    "ProjectSpace",
    "description":  "A Project Space used to partition the SD card equally.",
    "icon": "ProjectSpace",
    "group": "Utility",
    "bootable": false,
    "release_date": "2018-05-14",
    "feature_level": 35644412,
    "feature_level": 0,
    "supported_hex_revisions": "1040,1041,2082",    
    "supported_models": [
        "Pi Zero",
        "Pi Model",
        "Pi Compute Module",
        "Pi 2",
        "Pi 3"
    ],
    "version": "20180514",
    "kernel": "",
    "url": "https://",
    "username": "?",
    "password": "?"
}


